Cluster,TotalValue,Quantity
0,6780.821904761905,24.19047619047619
1,2967.6177528089884,11.258426966292134
2,4942.563191489362,17.25531914893617
3,1218.567857142857,5.142857142857143
